id,name,filetype,pending,approved,redacted,is_pdf,is_image,is_irrelevant,site_url,anchor_url,file_url,message_id,request_id
231612,20220112123104_geschwaerzt.pdf,application/pdf,False,True,,True,False,False,https://fragdenstaat.de/anfrage/klimaschutz-und-klimaanpassungskonzepte-7/658922/anhang/20220112123104_geschwaerzt.pdf,https://fragdenstaat.de/anfrage/klimaschutz-und-klimaanpassungskonzepte-7/#nachricht-658922,https://media.frag-den-staat.de/files/foi/658922/20220112123104_geschwaerzt.pdf?token=1nTOpa%3AO-HD_wYMcu_XGKeqe2Ew1BQIU6ZrQneRbd_Tf7_cYSY,658922,235172
230917,2014_09_10FortschreibungKonzept_KT.PDF,application/pdf,False,True,,True,False,False,https://fragdenstaat.de/anfrage/klimaschutz-und-klimaanpassungskonzepte-9/657519/anhang/2014_09_10FortschreibungKonzept_KT.PDF,https://fragdenstaat.de/anfrage/klimaschutz-und-klimaanpassungskonzepte-9/#nachricht-657519,https://media.frag-den-staat.de/files/foi/657519/2014_09_10FortschreibungKonzept_KT.PDF?token=1nTOpf%3AQg6wYOuYVSEm0ueJrlcvM2UvqhrrVuoDLFhwcDKlQ0s,657519,235174
227610,Klimaschutzkonzept-Wrme_Kreisbericht_mitVorwort.pdf,application/pdf,False,True,,True,False,False,https://fragdenstaat.de/anfrage/klimaschutz-und-klimaanpassungskonzepte-10/653007/anhang/Klimaschutzkonzept-Wrme_Kreisbericht_mitVorwort.pdf,https://fragdenstaat.de/anfrage/klimaschutz-und-klimaanpassungskonzepte-10/#nachricht-653007,https://media.frag-den-staat.de/files/foi/653007/Klimaschutzkonzept-Wrme_Kreisbericht_mitVorwort.pdf?token=1nTOpx%3AUI4XD2Lbv8rlyhz7EJhIPoS-TXtfaIoTspGyZ0yu9_o,653007,235175
227609,Ploen_Praxisleitfaden_mitVorwort.pdf,application/pdf,False,True,,True,False,False,https://fragdenstaat.de/anfrage/klimaschutz-und-klimaanpassungskonzepte-10/653007/anhang/Ploen_Praxisleitfaden_mitVorwort.pdf,https://fragdenstaat.de/anfrage/klimaschutz-und-klimaanpassungskonzepte-10/#nachricht-653007,https://media.frag-den-staat.de/files/foi/653007/Ploen_Praxisleitfaden_mitVorwort.pdf?token=1nTOpx%3A8kCDUJ83ckPO8AYyQjwjj8xa3bd2JT60u7miQvBtesE,653007,235175
227287,InformationspflichtBABCgemArt13DSGVO.pdf,application/pdf,False,True,,True,False,False,https://fragdenstaat.de/anfrage/klimaschutz-und-klimaanpassungskonzepte-26/652517/anhang/InformationspflichtBABCgemArt13DSGVO.pdf,https://fragdenstaat.de/anfrage/klimaschutz-und-klimaanpassungskonzepte-26/#nachricht-652517,https://media.frag-den-staat.de/files/foi/652517/InformationspflichtBABCgemArt13DSGVO.pdf?token=1nTOpW%3AQPX50nco8JIolvmlX2X09F3tuwbIGKYGsBdPsdkdgUA,652517,235191
227288,InformationspflichtBABCgemArt13DSGVO.pdf,application/pdf,False,True,,True,False,False,https://fragdenstaat.de/anfrage/klimaschutz-und-klimaanpassungskonzepte-26/652518/anhang/InformationspflichtBABCgemArt13DSGVO.pdf,https://fragdenstaat.de/anfrage/klimaschutz-und-klimaanpassungskonzepte-26/#nachricht-652518,https://media.frag-den-staat.de/files/foi/652518/InformationspflichtBABCgemArt13DSGVO.pdf?token=1nTOpW%3AdSyO6CD7DPQbjp3SWUbycWIdgwM5l7PME9bV-9-cM7k,652518,235191
232054,InformationspflichtBABCgemArt13DSGVO.pdf,application/pdf,False,True,,True,False,False,https://fragdenstaat.de/anfrage/klimaschutz-und-klimaanpassungskonzepte-26/659745/anhang/InformationspflichtBABCgemArt13DSGVO.pdf,https://fragdenstaat.de/anfrage/klimaschutz-und-klimaanpassungskonzepte-26/#nachricht-659745,https://media.frag-den-staat.de/files/foi/659745/InformationspflichtBABCgemArt13DSGVO.pdf?token=1nTOpW%3Aey0zt7uF3RVw1B3US2n8e0QGqVM7jH5nI8wFo2T6AjM,659745,235191
228055,AOeE_030_2021_Informationsvorlage.pdf,application/octet-stream,False,True,,True,False,False,https://fragdenstaat.de/anfrage/klimaschutz-und-klimaanpassungskonzepte-28/653653/anhang/AOeE_030_2021_Informationsvorlage.pdf,https://fragdenstaat.de/anfrage/klimaschutz-und-klimaanpassungskonzepte-28/#nachricht-653653,https://media.frag-den-staat.de/files/foi/653653/AOeE_030_2021_Informationsvorlage.pdf?token=1nTOps%3A0HwitLWszKttKC8EZK1VrA9txq8ttm44jdc7Z0IHcI0,653653,235193
229310,SchreibenanH.Semsrott-AntragIFG_geschwaerzt.pdf,application/pdf,False,True,,True,False,False,https://fragdenstaat.de/anfrage/klimaschutz-und-klimaanpassungskonzepte-30/654258/anhang/SchreibenanH.Semsrott-AntragIFG_geschwaerzt.pdf,https://fragdenstaat.de/anfrage/klimaschutz-und-klimaanpassungskonzepte-30/#nachricht-654258,https://media.frag-den-staat.de/files/foi/654258/SchreibenanH.Semsrott-AntragIFG_geschwaerzt.pdf?token=1nTOpp%3AjM9E2njeb2XyIVkNQqP_3-3hSPhXOknMj1e9TAe5oI8,654258,235195
227979,Klimaanpassungskonzept_Hagen.pdf,application/pdf,False,True,,True,False,False,https://fragdenstaat.de/anfrage/klimaschutz-und-klimaanpassungskonzepte-31/653593/anhang/Klimaanpassungskonzept_Hagen.pdf,https://fragdenstaat.de/anfrage/klimaschutz-und-klimaanpassungskonzepte-31/#nachricht-653593,https://media.frag-den-staat.de/files/foi/653593/Klimaanpassungskonzept_Hagen.pdf?token=1nTOpR%3A8joQfDUT8hyUX3_QkZ6cp3gT94I2OHM3Q-KdmA7D6ZU,653593,235196
227978,Klimaschutzkonzeptionen_Hagen.pdf,application/pdf,False,True,,True,False,False,https://fragdenstaat.de/anfrage/klimaschutz-und-klimaanpassungskonzepte-31/653593/anhang/Klimaschutzkonzeptionen_Hagen.pdf,https://fragdenstaat.de/anfrage/klimaschutz-und-klimaanpassungskonzepte-31/#nachricht-653593,https://media.frag-den-staat.de/files/foi/653593/Klimaschutzkonzeptionen_Hagen.pdf?token=1nTOpR%3AkM_KI60wfual97Sc3R0EmZDlCpCHFUYoo3oC13bGJno,653593,235196
227253,211215_Antwort_geschwaerzt.pdf,application/pdf,False,True,,True,False,False,https://fragdenstaat.de/anfrage/klimaschutz-und-klimaanpassungskonzepte-55/652473/anhang/211215_Antwort_geschwaerzt.pdf,https://fragdenstaat.de/anfrage/klimaschutz-und-klimaanpassungskonzepte-55/#nachricht-652473,https://media.frag-den-staat.de/files/foi/652473/211215_Antwort_geschwaerzt.pdf?token=1nTOq3%3AZSIhMbQmD6WunxcAUmbKzBv7Pe7uS13Y4M64DvboM8U,652473,235220
231685,Klimaschutzkonzept_RHN.pdf,application/pdf,False,True,,True,False,False,https://fragdenstaat.de/anfrage/klimaschutz-und-klimaanpassungskonzepte-63/659030/anhang/Klimaschutzkonzept_RHN.pdf,https://fragdenstaat.de/anfrage/klimaschutz-und-klimaanpassungskonzepte-63/#nachricht-659030,https://media.frag-den-staat.de/files/foi/659030/Klimaschutzkonzept_RHN.pdf?token=1nTOpZ%3ATEELibQL6yWLmisD1eLoeP5kVWv2375VNFElfQtYBIc,659030,235228
227502,2020-07-29-KlimaschutzkonzeptfuerdenKreis_oub.pdf,application/pdf,False,True,,True,False,False,https://fragdenstaat.de/anfrage/klimaschutz-und-klimaanpassungskonzepte-70/652823/anhang/2020-07-29-KlimaschutzkonzeptfuerdenKreis_oub.pdf,https://fragdenstaat.de/anfrage/klimaschutz-und-klimaanpassungskonzepte-70/#nachricht-652823,https://media.frag-den-staat.de/files/foi/652823/2020-07-29-KlimaschutzkonzeptfuerdenKreis_oub.pdf?token=1nTOpz%3AOK0df505qN-zRltMyhvqrDjggYoq7U-OSPBsVbuRt5s,652823,235235
227449,Bericht-IKK_LK-Germersheim_Okt_2021.pdf,application/pdf,False,True,,True,False,False,https://fragdenstaat.de/anfrage/klimaschutz-und-klimaanpassungskonzepte-74/652694/anhang/Bericht-IKK_LK-Germersheim_Okt_2021.pdf,https://fragdenstaat.de/anfrage/klimaschutz-und-klimaanpassungskonzepte-74/#nachricht-652694,https://media.frag-den-staat.de/files/foi/652694/Bericht-IKK_LK-Germersheim_Okt_2021.pdf?token=1nTOq1%3ACCsEBkhjqeJ9k9X9fJpRWcsM2UtEbqe_FNtNqiWhZT0,652694,235239
229584,_Anfrage13122021_Klimaschutzkonzepte_Semsrott_geschwaerzt.pdf,application/pdf,False,True,,True,False,False,https://fragdenstaat.de/anfrage/klimaschutz-und-klimaanpassungskonzepte-76/655400/anhang/_Anfrage13122021_Klimaschutzkonzepte_Semsrott_geschwaerzt.pdf,https://fragdenstaat.de/anfrage/klimaschutz-und-klimaanpassungskonzepte-76/#nachricht-655400,https://media.frag-den-staat.de/files/foi/655400/_Anfrage13122021_Klimaschutzkonzepte_Semsrott_geschwaerzt.pdf?token=1nTOpk%3A3IAS7WZCGZD3bsLAMl2gGPmAOKLigOAxl7G4bhZiNnA,655400,235241
227547,2020-12-23_EV-IKSK-Kreis-Olpe-Endbericht.pdf,application/pdf,False,True,,True,False,False,https://fragdenstaat.de/anfrage/klimaschutz-und-klimaanpassungskonzepte-84/652901/anhang/2020-12-23_EV-IKSK-Kreis-Olpe-Endbericht.pdf,https://fragdenstaat.de/anfrage/klimaschutz-und-klimaanpassungskonzepte-84/#nachricht-652901,https://media.frag-den-staat.de/files/foi/652901/2020-12-23_EV-IKSK-Kreis-Olpe-Endbericht.pdf?token=1nTOpy%3A-tPIDcvirf8IW1A9G68oFhs03UpBt_uJmHsXDXvcHho,652901,235249
231274,_2022_01_10_Anfrage_Semsrott_UIG_Klimaschutzkonzept_Hochwasser_Antwort_final_geschwaerzt.pdf,application/pdf,False,True,,True,False,False,https://fragdenstaat.de/anfrage/klimaschutz-und-klimaanpassungskonzepte-85/658277/anhang/_2022_01_10_Anfrage_Semsrott_UIG_Klimaschutzkonzept_Hochwasser_Antwort_final_geschwaerzt.pdf,https://fragdenstaat.de/anfrage/klimaschutz-und-klimaanpassungskonzepte-85/#nachricht-658277,https://media.frag-den-staat.de/files/foi/658277/_2022_01_10_Anfrage_Semsrott_UIG_Klimaschutzkonzept_Hochwasser_Antwort_final_geschwaerzt.pdf?token=1nTOpc%3AzzzQCJ7eQGS_CsBpZ6zXhCIkihsYQRlg7pibVJCPzis,658277,235250
230342,2022-01-04AntwortSemsrottUIG_geschwaerzt.pdf,application/pdf,False,True,,True,False,False,https://fragdenstaat.de/anfrage/klimaschutz-und-klimaanpassungskonzepte-88/656574/anhang/2022-01-04AntwortSemsrottUIG_geschwaerzt.pdf,https://fragdenstaat.de/anfrage/klimaschutz-und-klimaanpassungskonzepte-88/#nachricht-656574,https://media.frag-den-staat.de/files/foi/656574/2022-01-04AntwortSemsrottUIG_geschwaerzt.pdf?token=1nTOph%3AxvQ4aIRlnaoTPa1pJB0-Ignegr3b5RxquhTGRhQn8PA,656574,235253
230343,2020_09_07KTNiederschriftBeschlussAktionsplanKlimaschutz.pdf,application/pdf,False,True,,True,False,False,https://fragdenstaat.de/anfrage/klimaschutz-und-klimaanpassungskonzepte-94/656603/anhang/2020_09_07KTNiederschriftBeschlussAktionsplanKlimaschutz.pdf,https://fragdenstaat.de/anfrage/klimaschutz-und-klimaanpassungskonzepte-94/#nachricht-656603,https://media.frag-den-staat.de/files/foi/656603/2020_09_07KTNiederschriftBeschlussAktionsplanKlimaschutz.pdf?token=1nTOph%3At357q725kxW7YlfAcItPFw4cVd8v6mBWcqhYJFDaLjw,656603,235259
227709,AnfrageKlimaschutz-undKlimaanpassungskonzepte235270_geschwaerzt.pdf,application/pdf,False,True,,True,False,False,https://fragdenstaat.de/anfrage/klimaschutz-und-klimaanpassungskonzepte-105/653150/anhang/AnfrageKlimaschutz-undKlimaanpassungskonzepte235270_geschwaerzt.pdf,https://fragdenstaat.de/anfrage/klimaschutz-und-klimaanpassungskonzepte-105/#nachricht-653150,https://media.frag-den-staat.de/files/foi/653150/AnfrageKlimaschutz-undKlimaanpassungskonzepte235270_geschwaerzt.pdf?token=1nTOpu%3AQuo5yXxntmwmTAF4esMSfkkGhwwTs1j6E0gTJTJdsJQ,653150,235270
227705,Flyer_Starkregen_2021_04_19.pdf,application/pdf,False,True,,True,False,False,https://fragdenstaat.de/anfrage/klimaschutz-und-klimaanpassungskonzepte-105/653150/anhang/Flyer_Starkregen_2021_04_19.pdf,https://fragdenstaat.de/anfrage/klimaschutz-und-klimaanpassungskonzepte-105/#nachricht-653150,https://media.frag-den-staat.de/files/foi/653150/Flyer_Starkregen_2021_04_19.pdf?token=1nTOpu%3A0yMkKSE2ncKAjPlbbGe3acfXVDRwsMn8-PA29uypgsc,653150,235270
231950,antwortbescheid-darmstadt-dieburg_geschwaerzt.pdf,application/pdf,False,True,,True,False,False,https://fragdenstaat.de/anfrage/klimaschutz-und-klimaanpassungskonzepte-116/659633/anhang/antwortbescheid-darmstadt-dieburg_geschwaerzt.pdf,https://fragdenstaat.de/anfrage/klimaschutz-und-klimaanpassungskonzepte-116/#nachricht-659633,https://media.frag-den-staat.de/files/foi/659633/antwortbescheid-darmstadt-dieburg_geschwaerzt.pdf?token=1nTOpW%3AAYU9h2dACtmw9EDfy1armic-uVAIFYwMDdb9f3BgE8Q,659633,235281
227821,KlimaschutzkonzeptLandkreisGrafschaftBentheim_Bericht.pdf,application/pdf,False,True,,True,False,False,https://fragdenstaat.de/anfrage/klimaschutz-und-klimaanpassungskonzepte-127/653281/anhang/KlimaschutzkonzeptLandkreisGrafschaftBentheim_Bericht.pdf,https://fragdenstaat.de/anfrage/klimaschutz-und-klimaanpassungskonzepte-127/#nachricht-653281,https://media.frag-den-staat.de/files/foi/653281/KlimaschutzkonzeptLandkreisGrafschaftBentheim_Bericht.pdf?token=1nTOps%3Ai94v_PZD7R7fc_phUpy81yRSepzANrEJrtlTxBIapGU,653281,235292
227822,KlimaschutzkonzeptLandkreisGrafschaftBentheim_Energiesteckbriefe.pdf,application/pdf,False,True,,True,False,False,https://fragdenstaat.de/anfrage/klimaschutz-und-klimaanpassungskonzepte-127/653281/anhang/KlimaschutzkonzeptLandkreisGrafschaftBentheim_Energiesteckbriefe.pdf,https://fragdenstaat.de/anfrage/klimaschutz-und-klimaanpassungskonzepte-127/#nachricht-653281,https://media.frag-den-staat.de/files/foi/653281/KlimaschutzkonzeptLandkreisGrafschaftBentheim_Energiesteckbriefe.pdf?token=1nTOps%3AcAyVQ2MAR2z-GNeReISSNByGXWld9tItN_vsqPTblV4,653281,235292
227823,KlimaschutzkonzeptLandkreisGrafschaftBentheim_Manahmenkatalog.pdf,application/pdf,False,True,,True,False,False,https://fragdenstaat.de/anfrage/klimaschutz-und-klimaanpassungskonzepte-127/653281/anhang/KlimaschutzkonzeptLandkreisGrafschaftBentheim_Manahmenkatalog.pdf,https://fragdenstaat.de/anfrage/klimaschutz-und-klimaanpassungskonzepte-127/#nachricht-653281,https://media.frag-den-staat.de/files/foi/653281/KlimaschutzkonzeptLandkreisGrafschaftBentheim_Manahmenkatalog.pdf?token=1nTOps%3AVxr0HDFCJcSGMYXghz3XzXQ5i2AyzuPOGRKbZrudLAs,653281,235292
227414,HRBInnersteundNette.pdf,application/pdf,False,True,,True,False,False,https://fragdenstaat.de/anfrage/klimaschutz-und-klimaanpassungskonzepte-137/652669/anhang/HRBInnersteundNette.pdf,https://fragdenstaat.de/anfrage/klimaschutz-und-klimaanpassungskonzepte-137/#nachricht-652669,https://media.frag-den-staat.de/files/foi/652669/HRBInnersteundNette.pdf?token=1nTOq2%3AFkB0KD6TRIpnCuQwMzR5fk-i5SOuyhK8cLma6PDK9Is,652669,235302
227520,BeantwortungAnfrage235321_Klimaschutzund-anpassung.pdf,application/pdf,False,True,,True,False,False,https://fragdenstaat.de/anfrage/klimaschutz-und-klimaanpassungskonzepte-156/652854/anhang/BeantwortungAnfrage235321_Klimaschutzund-anpassung.pdf,https://fragdenstaat.de/anfrage/klimaschutz-und-klimaanpassungskonzepte-156/#nachricht-652854,https://media.frag-den-staat.de/files/foi/652854/BeantwortungAnfrage235321_Klimaschutzund-anpassung.pdf?token=1nTOpy%3A4CNJOfXbmJXZ9UwD8eoiOup8tw5gl39kKFxx99xBBUE,652854,235321
227566,KLIMASCHUTZKONZEPT_LK.Row2013.pdf,application/pdf,False,True,,True,False,False,https://fragdenstaat.de/anfrage/klimaschutz-und-klimaanpassungskonzepte-168/652921/anhang/KLIMASCHUTZKONZEPT_LK.Row2013.pdf,https://fragdenstaat.de/anfrage/klimaschutz-und-klimaanpassungskonzepte-168/#nachricht-652921,https://media.frag-den-staat.de/files/foi/652921/KLIMASCHUTZKONZEPT_LK.Row2013.pdf?token=1nTOpy%3A-B-efol0mDNgBruseKo84yaQVm6B-0d5jwL5D_hbeCM,652921,235333
226835,IMPAKT_II_Broschuere.pdf,application/pdf,False,True,,True,False,False,https://fragdenstaat.de/anfrage/klimaschutz-und-klimaanpassungskonzepte-173/651871/anhang/IMPAKT_II_Broschuere.pdf,https://fragdenstaat.de/anfrage/klimaschutz-und-klimaanpassungskonzepte-173/#nachricht-651871,https://media.frag-den-staat.de/files/foi/651871/IMPAKT_II_Broschuere.pdf?token=1nTOq8%3Af4rkGQlnprgRj0DCl3h1JCG1TFtrUEIj46gEV4OPYZ4,651871,235338
230922,2022-01-07AuskunftvomLKSPN_geschwaerzt.pdf,application/pdf,False,True,,True,False,False,https://fragdenstaat.de/anfrage/klimaschutz-und-klimaanpassungskonzepte-177/657528/anhang/2022-01-07AuskunftvomLKSPN_geschwaerzt.pdf,https://fragdenstaat.de/anfrage/klimaschutz-und-klimaanpassungskonzepte-177/#nachricht-657528,https://media.frag-den-staat.de/files/foi/657528/2022-01-07AuskunftvomLKSPN_geschwaerzt.pdf?token=1nTOpf%3ABN93BpUvJW32YVWv4QjpSl3IaAnIF-4ql5EkgTXMxs4,657528,235342
229798,AntwortschreibenKlimaschutzkonzept_geschwaerzt.pdf,application/pdf,False,True,,True,False,False,https://fragdenstaat.de/anfrage/klimaschutz-und-klimaanpassungskonzepte-192/654677/anhang/AntwortschreibenKlimaschutzkonzept_geschwaerzt.pdf,https://fragdenstaat.de/anfrage/klimaschutz-und-klimaanpassungskonzepte-192/#nachricht-654677,https://media.frag-den-staat.de/files/foi/654677/AntwortschreibenKlimaschutzkonzept_geschwaerzt.pdf?token=1nTOpi%3AWpZa4ELy9vMeL_8VAL2UQxvuaX3hOJpFYisv9jvPfqA,654677,235357
229796,Gebhrenbescheid12-21zInfos_geschwaerzt.pdf,application/pdf,False,True,,True,False,False,https://fragdenstaat.de/anfrage/klimaschutz-und-klimaanpassungskonzepte-192/654677/anhang/Gebhrenbescheid12-21zInfos_geschwaerzt.pdf,https://fragdenstaat.de/anfrage/klimaschutz-und-klimaanpassungskonzepte-192/#nachricht-654677,https://media.frag-den-staat.de/files/foi/654677/Gebhrenbescheid12-21zInfos_geschwaerzt.pdf?token=1nTOpi%3AhpyzrBGk9mzIGcHz7kukWXvdJx-gkC30ZXClJGtBUc4,654677,235357
229773,181004-HWRM-Newsletter2_RPT.pdf,application/pdf,False,True,,True,False,False,https://fragdenstaat.de/anfrage/klimaschutz-und-klimaanpassungskonzepte-213/655759/anhang/181004-HWRM-Newsletter2_RPT.pdf,https://fragdenstaat.de/anfrage/klimaschutz-und-klimaanpassungskonzepte-213/#nachricht-655759,https://media.frag-den-staat.de/files/foi/655759/181004-HWRM-Newsletter2_RPT.pdf?token=1nTOpj%3AA9vvecvpFOORl5VFPjkWysN5eqEn34VeOASTpJ0cLhQ,655759,235378
231719,KSKLKBH_Bericht_final_Juli2021.pdf,application/octet-stream,False,True,,True,False,False,https://fragdenstaat.de/anfrage/klimaschutz-und-klimaanpassungskonzepte-216/659094/anhang/KSKLKBH_Bericht_final_Juli2021.pdf,https://fragdenstaat.de/anfrage/klimaschutz-und-klimaanpassungskonzepte-216/#nachricht-659094,https://media.frag-den-staat.de/files/foi/659094/KSKLKBH_Bericht_final_Juli2021.pdf?token=1nTOpY%3AS6x6iyg34YKKaxwa_jN6iYHBbE4bqwZJ7ayulYhJXO8,659094,235381
228401,20211213_Anfrage_Umweltinformation_Starkregenrisiko_Enzkreis_konvertiert.pdf,application/pdf,False,True,,True,False,False,https://fragdenstaat.de/anfrage/klimaschutz-und-klimaanpassungskonzepte-227/654141/anhang/20211213_Anfrage_Umweltinformation_Starkregenrisiko_Enzkreis_konvertiert.pdf,https://fragdenstaat.de/anfrage/klimaschutz-und-klimaanpassungskonzepte-227/#nachricht-654141,https://media.frag-den-staat.de/files/foi/654141/20211213_Anfrage_Umweltinformation_Starkregenrisiko_Enzkreis_konvertiert.pdf?token=1nTOpp%3AgY0jkboW7KB2U2ADdh1Pj2QvCBXxxne6ZScUwfh41Oo,654141,235392
228621,Energie-undKlimaschutzkonzeptLandkreisFreudenstadt3.pdf,application/pdf,False,True,,True,False,False,https://fragdenstaat.de/anfrage/klimaschutz-und-klimaanpassungskonzepte-234/654414/anhang/Energie-undKlimaschutzkonzeptLandkreisFreudenstadt3.pdf,https://fragdenstaat.de/anfrage/klimaschutz-und-klimaanpassungskonzepte-234/#nachricht-654414,https://media.frag-den-staat.de/files/foi/654414/Energie-undKlimaschutzkonzeptLandkreisFreudenstadt3.pdf?token=1nTOpn%3AR50Any5N5FyyQCSCaJi0yKaEux-1f_gD-zN_61EJIPE,654414,235399
228572,stadt-ebersbach-an-der-fils_klimagutachten-1992-1994.pdf,application/pdf,False,True,,True,False,False,https://fragdenstaat.de/anfrage/klimaschutz-und-klimaanpassungskonzepte-239/654333/anhang/stadt-ebersbach-an-der-fils_klimagutachten-1992-1994.pdf,https://fragdenstaat.de/anfrage/klimaschutz-und-klimaanpassungskonzepte-239/#nachricht-654333,https://media.frag-den-staat.de/files/foi/654333/stadt-ebersbach-an-der-fils_klimagutachten-1992-1994.pdf?token=1nTOpo%3AVQ3ni02WVYZtkvhJDAG_bCmV46WfUK7JnLKok70lOGk,654333,235404
228571,stadt-ebersbach-an-der-fils_klimagutachten-innenentwicklung.pdf,application/pdf,False,True,,True,False,False,https://fragdenstaat.de/anfrage/klimaschutz-und-klimaanpassungskonzepte-239/654333/anhang/stadt-ebersbach-an-der-fils_klimagutachten-innenentwicklung.pdf,https://fragdenstaat.de/anfrage/klimaschutz-und-klimaanpassungskonzepte-239/#nachricht-654333,https://media.frag-den-staat.de/files/foi/654333/stadt-ebersbach-an-der-fils_klimagutachten-innenentwicklung.pdf?token=1nTOpo%3AK4P_G28ITgjJAWRLwOiS_7a40k-yu_tAFGcnNHsh3qs,654333,235404
229625,PrsentationTOP1_KlimaneutraleVerwaltung.pdf,application/pdf,False,True,,True,False,False,https://fragdenstaat.de/anfrage/klimaschutz-und-klimaanpassungskonzepte-269/655533/anhang/PrsentationTOP1_KlimaneutraleVerwaltung.pdf,https://fragdenstaat.de/anfrage/klimaschutz-und-klimaanpassungskonzepte-269/#nachricht-655533,https://media.frag-den-staat.de/files/foi/655533/PrsentationTOP1_KlimaneutraleVerwaltung.pdf?token=1nTOpk%3A7LnWjwO1OPAh2zd0T_GNGK6IxpFDBYzOoecQtykN9s4,655533,235434
229626,Prsentation_TOP1_StatusberichtkommunalerKlimaschutz2020.pdf,application/pdf,False,True,,True,False,False,https://fragdenstaat.de/anfrage/klimaschutz-und-klimaanpassungskonzepte-269/655533/anhang/Prsentation_TOP1_StatusberichtkommunalerKlimaschutz2020.pdf,https://fragdenstaat.de/anfrage/klimaschutz-und-klimaanpassungskonzepte-269/#nachricht-655533,https://media.frag-den-staat.de/files/foi/655533/Prsentation_TOP1_StatusberichtkommunalerKlimaschutz2020.pdf?token=1nTOpk%3ADLqsX6MBTFSGpN1wwy8SjfAxZR5xC_cbMQ8j3LDFE0A,655533,235434
229624,SiVoKT_KlimaschutzindenLandkreisen.pdf,application/pdf,False,True,,True,False,False,https://fragdenstaat.de/anfrage/klimaschutz-und-klimaanpassungskonzepte-269/655533/anhang/SiVoKT_KlimaschutzindenLandkreisen.pdf,https://fragdenstaat.de/anfrage/klimaschutz-und-klimaanpassungskonzepte-269/#nachricht-655533,https://media.frag-den-staat.de/files/foi/655533/SiVoKT_KlimaschutzindenLandkreisen.pdf?token=1nTOpk%3AG17YT1pr0FC14aZB02uKwvAmN27hghLUhw1gZ-7GfR8,655533,235434
231705,iKSKNuernbergerLand.pdf,application/pdf,False,True,,True,False,False,https://fragdenstaat.de/anfrage/klimaschutz-und-klimaanpassungskonzepte-276/659060/anhang/iKSKNuernbergerLand.pdf,https://fragdenstaat.de/anfrage/klimaschutz-und-klimaanpassungskonzepte-276/#nachricht-659060,https://media.frag-den-staat.de/files/foi/659060/iKSKNuernbergerLand.pdf?token=1nTOpZ%3AoC5bnCPRh2lw4tQ1jClYPjAFRy2fXBkjwI64umbcVkA,659060,235441
232341,220117LRAAntwortschreiben_geschwaerzt.pdf,application/pdf,False,True,,True,False,False,https://fragdenstaat.de/anfrage/klimaschutz-und-klimaanpassungskonzepte-278/660513/anhang/220117LRAAntwortschreiben_geschwaerzt.pdf,https://fragdenstaat.de/anfrage/klimaschutz-und-klimaanpassungskonzepte-278/#nachricht-660513,https://media.frag-den-staat.de/files/foi/660513/220117LRAAntwortschreiben_geschwaerzt.pdf?token=1nTOpU%3AKlFCyKZjcre_xycXqaEVxxgQUri2P2abZDUgyVF0ciA,660513,235443
230564,LKPAFKlimaschutzstrategie.pdf,application/pdf,False,True,,True,False,False,https://fragdenstaat.de/anfrage/klimaschutz-und-klimaanpassungskonzepte-282/657038/anhang/LKPAFKlimaschutzstrategie.pdf,https://fragdenstaat.de/anfrage/klimaschutz-und-klimaanpassungskonzepte-282/#nachricht-657038,https://media.frag-den-staat.de/files/foi/657038/LKPAFKlimaschutzstrategie.pdf?token=1nTOpg%3AsBB7WHo9mAG64CIdTAkm95-Xkt4YFmuz_0elJp_KlpI,657038,235448
231901,LRAReutlingenSchreibenvom13.01.2022_geschwaerzt.pdf,application/pdf,False,True,,True,False,False,https://fragdenstaat.de/anfrage/klimaschutz-und-klimaanpassungskonzepte-287/659525/anhang/LRAReutlingenSchreibenvom13.01.2022_geschwaerzt.pdf,https://fragdenstaat.de/anfrage/klimaschutz-und-klimaanpassungskonzepte-287/#nachricht-659525,https://media.frag-den-staat.de/files/foi/659525/LRAReutlingenSchreibenvom13.01.2022_geschwaerzt.pdf?token=1nTOpW%3AGbCyUcNzve3MdBHHFPqCGSIAuGoQ8KVhF-0OEROnTc0,659525,235452
231163,IntegriertesKlimaschutzkonzeptLeitbildLandkreisRottweil.pdf,application/octet-stream,False,True,,True,False,False,https://fragdenstaat.de/anfrage/klimaschutz-und-klimaanpassungskonzepte-293/658070/anhang/IntegriertesKlimaschutzkonzeptLeitbildLandkreisRottweil.pdf,https://fragdenstaat.de/anfrage/klimaschutz-und-klimaanpassungskonzepte-293/#nachricht-658070,https://media.frag-den-staat.de/files/foi/658070/IntegriertesKlimaschutzkonzeptLeitbildLandkreisRottweil.pdf?token=1nTOpd%3Ak2pkVQ7cHQAu9DdZlu_HKH5emXzjVeQVxDvD20tOZD0,658070,235458
234906,KlimaschutzkonzeptKreisSchwbischHallLangfassung.pdf,application/pdf,False,True,,True,False,False,https://fragdenstaat.de/anfrage/klimaschutz-und-klimaanpassungskonzepte-295/665173/anhang/KlimaschutzkonzeptKreisSchwbischHallLangfassung.pdf,https://fragdenstaat.de/anfrage/klimaschutz-und-klimaanpassungskonzepte-295/#nachricht-665173,https://media.frag-den-staat.de/files/foi/665173/KlimaschutzkonzeptKreisSchwbischHallLangfassung.pdf?token=1nTOpP%3AFA2-pFxrBid84U4nkqYZ7IIJRvg9v12kwnrSCUFlhas,665173,235460
231135,2015_KlimaschutzkonzeptLKSig.pdf,application/pdf,False,True,,True,False,False,https://fragdenstaat.de/anfrage/klimaschutz-und-klimaanpassungskonzepte-299/657998/anhang/2015_KlimaschutzkonzeptLKSig.pdf,https://fragdenstaat.de/anfrage/klimaschutz-und-klimaanpassungskonzepte-299/#nachricht-657998,https://media.frag-den-staat.de/files/foi/657998/2015_KlimaschutzkonzeptLKSig.pdf?token=1nTOpd%3ApNDYmd1ZC1RuYy8cy5fZCcFZCAnc8haFBmrRPruJfCI,657998,235464
229475,Ldkr_Tirschenreuth_Konzept_Endfassung_170311.pdf,application/pdf,False,True,,True,False,False,https://fragdenstaat.de/anfrage/klimaschutz-und-klimaanpassungskonzepte-300/655279/anhang/Ldkr_Tirschenreuth_Konzept_Endfassung_170311.pdf,https://fragdenstaat.de/anfrage/klimaschutz-und-klimaanpassungskonzepte-300/#nachricht-655279,https://media.frag-den-staat.de/files/foi/655279/Ldkr_Tirschenreuth_Konzept_Endfassung_170311.pdf?token=1nTOpl%3AGadWFIFYZFaYojhsd7dnPD-V-p4PDSTUZVHtXfDvkGw,655279,235465
231186,10112020-tabelle-epap2020pdf.pdf,application/pdf,False,True,,True,False,False,https://fragdenstaat.de/anfrage/klimaschutz-und-klimaanpassungskonzepte-313/658142/anhang/10112020-tabelle-epap2020pdf.pdf,https://fragdenstaat.de/anfrage/klimaschutz-und-klimaanpassungskonzepte-313/#nachricht-658142,https://media.frag-den-staat.de/files/foi/658142/10112020-tabelle-epap2020pdf.pdf?token=1nTOpM%3Ac4hNs9zjm1jDPfhtR2uSjBoevb1qIO0KQ7QbsDfx8fs,658142,235478
234607,BDs_2297_IV_Fortschreibung_Klimaschutzkonzept_2019_mit_Anlage.pdf,application/pdf,False,True,,True,False,False,https://fragdenstaat.de/anfrage/klimaschutz-und-klimaanpassungskonzepte-322/664924/anhang/BDs_2297_IV_Fortschreibung_Klimaschutzkonzept_2019_mit_Anlage.pdf,https://fragdenstaat.de/anfrage/klimaschutz-und-klimaanpassungskonzepte-322/#nachricht-664924,https://media.frag-den-staat.de/files/foi/664924/BDs_2297_IV_Fortschreibung_Klimaschutzkonzept_2019_mit_Anlage.pdf?token=1nTOpP%3AAhFUqm8n3_6hmUsuJ4_4gzzyqIG2vRhqdqEizZKxudk,664924,235487
234606,BDs_4446_IV_Fortschreibung_Klimaschutzkonzept_Sule_1_2021_mit_Anlagen_1-4.pdf,application/pdf,False,True,,True,False,False,https://fragdenstaat.de/anfrage/klimaschutz-und-klimaanpassungskonzepte-322/664924/anhang/BDs_4446_IV_Fortschreibung_Klimaschutzkonzept_Sule_1_2021_mit_Anlagen_1-4.pdf,https://fragdenstaat.de/anfrage/klimaschutz-und-klimaanpassungskonzepte-322/#nachricht-664924,https://media.frag-den-staat.de/files/foi/664924/BDs_4446_IV_Fortschreibung_Klimaschutzkonzept_Sule_1_2021_mit_Anlagen_1-4.pdf?token=1nTOpP%3A3MZR1ImySY5Ay8kznVEY24WOBKuHt-b5Iw8f3Bnkdmc,664924,235487
234608,Broschre_Klimaschutzkonzept_der_Verwaltung_der_Region_Hannover_2016_BzrE_147.pdf,application/pdf,False,True,,True,False,False,https://fragdenstaat.de/anfrage/klimaschutz-und-klimaanpassungskonzepte-322/664924/anhang/Broschre_Klimaschutzkonzept_der_Verwaltung_der_Region_Hannover_2016_BzrE_147.pdf,https://fragdenstaat.de/anfrage/klimaschutz-und-klimaanpassungskonzepte-322/#nachricht-664924,https://media.frag-den-staat.de/files/foi/664924/Broschre_Klimaschutzkonzept_der_Verwaltung_der_Region_Hannover_2016_BzrE_147.pdf?token=1nTOpP%3AJwR8G0ayMNnS6tcBZaBr19DEHJ0GDmwiQUUuFvhvkEI,664924,235487
234631,BDs_2297_IV_Fortschreibung_Klimaschutzkonzept_2019_mit_Anlage.pdf,application/pdf,False,True,,True,False,False,https://fragdenstaat.de/anfrage/klimaschutz-und-klimaanpassungskonzepte-322/664930/anhang/BDs_2297_IV_Fortschreibung_Klimaschutzkonzept_2019_mit_Anlage.pdf,https://fragdenstaat.de/anfrage/klimaschutz-und-klimaanpassungskonzepte-322/#nachricht-664930,https://media.frag-den-staat.de/files/foi/664930/BDs_2297_IV_Fortschreibung_Klimaschutzkonzept_2019_mit_Anlage.pdf?token=1nTOpP%3ALuLZE7dQzH5z8RAvsUxWmf-x8AD39NIqqriE0y-RmkI,664930,235487
234630,BDs_4446_IV_Fortschreibung_Klimaschutzkonzept_Sule_1_2021_mit_Anlagen_1-4.pdf,application/pdf,False,True,,True,False,False,https://fragdenstaat.de/anfrage/klimaschutz-und-klimaanpassungskonzepte-322/664930/anhang/BDs_4446_IV_Fortschreibung_Klimaschutzkonzept_Sule_1_2021_mit_Anlagen_1-4.pdf,https://fragdenstaat.de/anfrage/klimaschutz-und-klimaanpassungskonzepte-322/#nachricht-664930,https://media.frag-den-staat.de/files/foi/664930/BDs_4446_IV_Fortschreibung_Klimaschutzkonzept_Sule_1_2021_mit_Anlagen_1-4.pdf?token=1nTOpP%3A9c6RYCrUX52O4ZFgcfz422c2N8y1FUSYhJoYujAhHYQ,664930,235487
234632,Broschre_Klimaschutzkonzept_der_Verwaltung_der_Region_Hannover_2016_BzrE_147.pdf,application/pdf,False,True,,True,False,False,https://fragdenstaat.de/anfrage/klimaschutz-und-klimaanpassungskonzepte-322/664930/anhang/Broschre_Klimaschutzkonzept_der_Verwaltung_der_Region_Hannover_2016_BzrE_147.pdf,https://fragdenstaat.de/anfrage/klimaschutz-und-klimaanpassungskonzepte-322/#nachricht-664930,https://media.frag-den-staat.de/files/foi/664930/Broschre_Klimaschutzkonzept_der_Verwaltung_der_Region_Hannover_2016_BzrE_147.pdf?token=1nTOpP%3AJUYBu2zXTQPVmza3ROTYgwgbu9Ow9suReBtqOxbw6M4,664930,235487
228000,2021-06-22_IREK_Regionalkonf_0_1.pdf,application/pdf,False,True,,True,False,False,https://fragdenstaat.de/anfrage/klimaschutz-und-klimaanpassungskonzepte-326/653628/anhang/2021-06-22_IREK_Regionalkonf_0_1.pdf,https://fragdenstaat.de/anfrage/klimaschutz-und-klimaanpassungskonzepte-326/#nachricht-653628,https://media.frag-den-staat.de/files/foi/653628/2021-06-22_IREK_Regionalkonf_0_1.pdf?token=1nTOpt%3A-B_01yOB_ofcl6urj11oXzS2aaAZBDx7GMvMtAqgmZk,653628,235491
227998,BROSCHRE_KLIMASCHUZTMANAGMENT_20201209.pdf,application/pdf,False,True,,True,False,False,https://fragdenstaat.de/anfrage/klimaschutz-und-klimaanpassungskonzepte-326/653628/anhang/BROSCHRE_KLIMASCHUZTMANAGMENT_20201209.pdf,https://fragdenstaat.de/anfrage/klimaschutz-und-klimaanpassungskonzepte-326/#nachricht-653628,https://media.frag-den-staat.de/files/foi/653628/BROSCHRE_KLIMASCHUZTMANAGMENT_20201209.pdf?token=1nTOpt%3Afbe8G5wwYzPVFBBemDIoO-OL-_ZAu6HEzp4L0_3ZacM,653628,235491
227999,BROSCHREKOMEMS_Endfassung_20201111.pdf,application/pdf,False,True,,True,False,False,https://fragdenstaat.de/anfrage/klimaschutz-und-klimaanpassungskonzepte-326/653628/anhang/BROSCHREKOMEMS_Endfassung_20201111.pdf,https://fragdenstaat.de/anfrage/klimaschutz-und-klimaanpassungskonzepte-326/#nachricht-653628,https://media.frag-den-staat.de/files/foi/653628/BROSCHREKOMEMS_Endfassung_20201111.pdf?token=1nTOpt%3A1aDU59Q0iKEZAkXVA09-dI00z93RC_rJSaayt3lXi5A,653628,235491
228001,IREK_SHK_Abschlussbericht_Phase_1_Bestandsanalyse_Stand_29.06.20211.pdf,application/pdf,False,True,,True,False,False,https://fragdenstaat.de/anfrage/klimaschutz-und-klimaanpassungskonzepte-326/653628/anhang/IREK_SHK_Abschlussbericht_Phase_1_Bestandsanalyse_Stand_29.06.20211.pdf,https://fragdenstaat.de/anfrage/klimaschutz-und-klimaanpassungskonzepte-326/#nachricht-653628,https://media.frag-den-staat.de/files/foi/653628/IREK_SHK_Abschlussbericht_Phase_1_Bestandsanalyse_Stand_29.06.20211.pdf?token=1nTOpt%3ACoFFatuxfOz3jx-kqJfMaiMaTSF9l_Z-szXMAFX3ZJA,653628,235491
228002,IREK_SHK_Bestandsanalyse_Stand_15.04_datenminimiert4.pdf,application/pdf,False,True,,True,False,False,https://fragdenstaat.de/anfrage/klimaschutz-und-klimaanpassungskonzepte-326/653628/anhang/IREK_SHK_Bestandsanalyse_Stand_15.04_datenminimiert4.pdf,https://fragdenstaat.de/anfrage/klimaschutz-und-klimaanpassungskonzepte-326/#nachricht-653628,https://media.frag-den-staat.de/files/foi/653628/IREK_SHK_Bestandsanalyse_Stand_15.04_datenminimiert4.pdf?token=1nTOpt%3AT3PLRrvId0HihLxdRiQmqwR-ih0tKw1j3M1CP5CltN8,653628,235491
228003,IREK_SHK_Plan_6_Umwelt_Stand_15.04.2021.pdf,application/pdf,False,True,,True,False,False,https://fragdenstaat.de/anfrage/klimaschutz-und-klimaanpassungskonzepte-326/653628/anhang/IREK_SHK_Plan_6_Umwelt_Stand_15.04.2021.pdf,https://fragdenstaat.de/anfrage/klimaschutz-und-klimaanpassungskonzepte-326/#nachricht-653628,https://media.frag-den-staat.de/files/foi/653628/IREK_SHK_Plan_6_Umwelt_Stand_15.04.2021.pdf?token=1nTOpt%3AMULJq8xkZlfAxyJ5gx__RG3UpMQVSiKliU00oOBMNmc,653628,235491
227997,KSK_kl.pdf,application/pdf,False,True,,True,False,False,https://fragdenstaat.de/anfrage/klimaschutz-und-klimaanpassungskonzepte-326/653628/anhang/KSK_kl.pdf,https://fragdenstaat.de/anfrage/klimaschutz-und-klimaanpassungskonzepte-326/#nachricht-653628,https://media.frag-den-staat.de/files/foi/653628/KSK_kl.pdf?token=1nTOpt%3AgTgO7bTXID1W4EtLWQ5JhvLxXsTZdr7gqIs5nImEkrU,653628,235491
230659,geplanteRRBuRKB1_v.xlsx,application/vnd.openxmlformats-officedocument.spreadsheetml.sheet,False,True,,False,False,False,https://fragdenstaat.de/anfrage/klimaschutz-und-klimaanpassungskonzepte-335/657227/anhang/geplanteRRBuRKB1_v.xlsx,https://fragdenstaat.de/anfrage/klimaschutz-und-klimaanpassungskonzepte-335/#nachricht-657227,https://media.frag-den-staat.de/files/foi/657227/geplanteRRBuRKB1_v.xlsx?token=1nTOpg%3A35YtndUF8XUzJ69gpdmXmOlY-h2zv352SU_nc7zcjuI,657227,235500
227497,MSVS10095_CPDR08070_4935_001.pdf,application/pdf,False,True,,True,False,False,https://fragdenstaat.de/anfrage/klimaschutz-und-klimaanpassungskonzepte-339/652810/anhang/MSVS10095_CPDR08070_4935_001.pdf,https://fragdenstaat.de/anfrage/klimaschutz-und-klimaanpassungskonzepte-339/#nachricht-652810,https://media.frag-den-staat.de/files/foi/652810/MSVS10095_CPDR08070_4935_001.pdf?token=1nTOq0%3Ag6L_woHsEp0Rz2M6T2QVfeTHnGoKrfSNlxKg3Slh1mc,652810,235504
230927,22_01_07_FragdenStaat_geschwaerzt.pdf,application/pdf,False,True,,True,False,False,https://fragdenstaat.de/anfrage/klimaschutz-und-klimaanpassungskonzepte-342/657550/anhang/22_01_07_FragdenStaat_geschwaerzt.pdf,https://fragdenstaat.de/anfrage/klimaschutz-und-klimaanpassungskonzepte-342/#nachricht-657550,https://media.frag-den-staat.de/files/foi/657550/22_01_07_FragdenStaat_geschwaerzt.pdf?token=1nTOpf%3Apxsk7SL-nlUcCz-r-JLZqgxCWm--iIlCI7e7oAUc2BQ,657550,235507
231883,DOC000_geschwaerzt.pdf,application/pdf,False,True,,True,False,False,https://fragdenstaat.de/anfrage/klimaschutz-und-klimaanpassungskonzepte-352/659491/anhang/DOC000_geschwaerzt.pdf,https://fragdenstaat.de/anfrage/klimaschutz-und-klimaanpassungskonzepte-352/#nachricht-659491,https://media.frag-den-staat.de/files/foi/659491/DOC000_geschwaerzt.pdf?token=1nTOpX%3A1ZHl5DNZuy7qLuKEN-pK12MDCcpW5lw5BL616kO_-sw,659491,235517
229582,106.2904-AnfragevonFragdenstaatzuKlimaschutz-undKlimaanpassungskonzepte-28.12.2021_geschwaerzt.pdf,application/pdf,False,True,,True,False,False,https://fragdenstaat.de/anfrage/klimaschutz-und-klimaanpassungskonzepte-353/655371/anhang/106.2904-AnfragevonFragdenstaatzuKlimaschutz-undKlimaanpassungskonzepte-28.12.2021_geschwaerzt.pdf,https://fragdenstaat.de/anfrage/klimaschutz-und-klimaanpassungskonzepte-353/#nachricht-655371,https://media.frag-den-staat.de/files/foi/655371/106.2904-AnfragevonFragdenstaatzuKlimaschutz-undKlimaanpassungskonzepte-28.12.2021_geschwaerzt.pdf?token=1nTOpk%3A_NzturBiuB3U6PYvC1clFhjvYKyN5vWxNGzX1FlXCek,655371,235518
227548,2021-12-16-AntwortUIGAnfrageKlimaschutz_geschwaerzt.pdf,application/pdf,False,True,,True,False,False,https://fragdenstaat.de/anfrage/klimaschutz-und-klimaanpassungskonzepte-357/652898/anhang/2021-12-16-AntwortUIGAnfrageKlimaschutz_geschwaerzt.pdf,https://fragdenstaat.de/anfrage/klimaschutz-und-klimaanpassungskonzepte-357/#nachricht-652898,https://media.frag-den-staat.de/files/foi/652898/2021-12-16-AntwortUIGAnfrageKlimaschutz_geschwaerzt.pdf?token=1nTOpy%3Af8D3OdrQgAE_tT0aeyjwhIVoWNpQdst2R8Y6UGmSARc,652898,235522
232078,EKSP2014_2020.pdf,application/pdf,False,True,,True,False,False,https://fragdenstaat.de/anfrage/klimaschutz-und-klimaanpassungskonzepte-358/659819/anhang/EKSP2014_2020.pdf,https://fragdenstaat.de/anfrage/klimaschutz-und-klimaanpassungskonzepte-358/#nachricht-659819,https://media.frag-den-staat.de/files/foi/659819/EKSP2014_2020.pdf?token=1nTOpM%3A-qce2jMC1CX_4Z_4Vpzw16OG0ss12Gek7x6uX_L78ZM,659819,235523
232079,Sofortmanahmenprogramm_2020.pdf,application/pdf,False,True,,True,False,False,https://fragdenstaat.de/anfrage/klimaschutz-und-klimaanpassungskonzepte-358/659819/anhang/Sofortmanahmenprogramm_2020.pdf,https://fragdenstaat.de/anfrage/klimaschutz-und-klimaanpassungskonzepte-358/#nachricht-659819,https://media.frag-den-staat.de/files/foi/659819/Sofortmanahmenprogramm_2020.pdf?token=1nTOpM%3AQ-RNbdnNFohElW6f2actlDg2yvX0UC0zAehuv1suflg,659819,235523
232080,Umsetzungsbericht_2018.pdf,application/pdf,False,True,,True,False,False,https://fragdenstaat.de/anfrage/klimaschutz-und-klimaanpassungskonzepte-358/659819/anhang/Umsetzungsbericht_2018.pdf,https://fragdenstaat.de/anfrage/klimaschutz-und-klimaanpassungskonzepte-358/#nachricht-659819,https://media.frag-den-staat.de/files/foi/659819/Umsetzungsbericht_2018.pdf?token=1nTOpM%3A1F4rS5M_-gG0iqqKmn0yWkPHfogm1V4bV7GNAOr_Xm0,659819,235523
232339,bersichtjhrlichFllungPflanzung.pdf,application/pdf,False,True,,True,False,False,https://fragdenstaat.de/anfrage/klimaschutz-und-klimaanpassungskonzepte-364/660553/anhang/bersichtjhrlichFllungPflanzung.pdf,https://fragdenstaat.de/anfrage/klimaschutz-und-klimaanpassungskonzepte-364/#nachricht-660553,https://media.frag-den-staat.de/files/foi/660553/bersichtjhrlichFllungPflanzung.pdf?token=1nTOpU%3A-uQUHxHq8Ch8K3kPk6A_1J7BtBJSa2csOXvfFrohh1A,660553,235529
231411,KlimaschutzberichtStadtAmberg_2010-2020.pdf,application/pdf,False,True,,True,False,False,https://fragdenstaat.de/anfrage/klimaschutz-und-klimaanpassungskonzepte-367/658595/anhang/KlimaschutzberichtStadtAmberg_2010-2020.pdf,https://fragdenstaat.de/anfrage/klimaschutz-und-klimaanpassungskonzepte-367/#nachricht-658595,https://media.frag-den-staat.de/files/foi/658595/KlimaschutzberichtStadtAmberg_2010-2020.pdf?token=1nTOpb%3AlkLyyzmOjeufHrsw2ksz57_v5-Hj8u7Mn7f4FMtdh1M,658595,235532
231898,Sachstandsbericht1MioBume.pdf,application/pdf,False,True,,True,False,False,https://fragdenstaat.de/anfrage/klimaschutz-und-klimaanpassungskonzepte-374/659524/anhang/Sachstandsbericht1MioBume.pdf,https://fragdenstaat.de/anfrage/klimaschutz-und-klimaanpassungskonzepte-374/#nachricht-659524,https://media.frag-den-staat.de/files/foi/659524/Sachstandsbericht1MioBume.pdf?token=1nTOpW%3AtO_e6rTd-SrE-QB2brDyRnya48WV5I92lKCKygh1dqc,659524,235539
240980,kaiserslautern-klima_geschwaerzt.pdf,application/pdf,False,True,,True,False,False,https://fragdenstaat.de/anfrage/klimaschutz-und-klimaanpassungskonzepte-375/673173/anhang/kaiserslautern-klima_geschwaerzt.pdf,https://fragdenstaat.de/anfrage/klimaschutz-und-klimaanpassungskonzepte-375/#nachricht-673173,https://media.frag-den-staat.de/files/foi/673173/kaiserslautern-klima_geschwaerzt.pdf?token=1nTOpO%3Asexh9A1NKLI45EzOi4wk0J2YfZGw8VpZrRC7Yc8vvTU,673173,235540
227495,Karte-5StarkregengefaehrdungStadtLandauinderPfalz2018-11-27.pdf,application/pdf,False,True,,True,False,False,https://fragdenstaat.de/anfrage/klimaschutz-und-klimaanpassungskonzepte-377/652806/anhang/Karte-5StarkregengefaehrdungStadtLandauinderPfalz2018-11-27.pdf,https://fragdenstaat.de/anfrage/klimaschutz-und-klimaanpassungskonzepte-377/#nachricht-652806,https://media.frag-den-staat.de/files/foi/652806/Karte-5StarkregengefaehrdungStadtLandauinderPfalz2018-11-27.pdf?token=1nTOq0%3AOpV-vY3kEBQ1rxtb8esUG6AtKXI6uuuxrOHInND-iuk,652806,235542
231896,220113AnfrageIFSSemsrottFristverlngerung_geschwaerzt.pdf,application/pdf,False,True,,True,False,False,https://fragdenstaat.de/anfrage/klimaschutz-und-klimaanpassungskonzepte-380/659520/anhang/220113AnfrageIFSSemsrottFristverlngerung_geschwaerzt.pdf,https://fragdenstaat.de/anfrage/klimaschutz-und-klimaanpassungskonzepte-380/#nachricht-659520,https://media.frag-den-staat.de/files/foi/659520/220113AnfrageIFSSemsrottFristverlngerung_geschwaerzt.pdf?token=1nTOpN%3AhBXt9dhc1aZNn7JxqoSw9xROREVsO6zGtLdN44fCl0w,659520,235545
238414,Klimaschutz_und_Klimaschutzkonzepte_AB_geschwaerzt.pdf,application/pdf,False,True,,True,False,False,https://fragdenstaat.de/anfrage/klimaschutz-und-klimaanpassungskonzepte-380/669810/anhang/Klimaschutz_und_Klimaschutzkonzepte_AB_geschwaerzt.pdf,https://fragdenstaat.de/anfrage/klimaschutz-und-klimaanpassungskonzepte-380/#nachricht-669810,https://media.frag-den-staat.de/files/foi/669810/Klimaschutz_und_Klimaschutzkonzepte_AB_geschwaerzt.pdf?token=1nTOpN%3ANfTNFd31hx7YAl2ydUgmYKj6PJIB2zIL4Ni2Z4KTS2A,669810,235545
229403,Ref_III_003_2021_Massnahmensteckbriefe1.pdf,application/pdf,False,True,,True,False,False,https://fragdenstaat.de/anfrage/klimaschutz-und-klimaanpassungskonzepte-382/655138/anhang/Ref_III_003_2021_Massnahmensteckbriefe1.pdf,https://fragdenstaat.de/anfrage/klimaschutz-und-klimaanpassungskonzepte-382/#nachricht-655138,https://media.frag-den-staat.de/files/foi/655138/Ref_III_003_2021_Massnahmensteckbriefe1.pdf?token=1nTOpl%3AFWd7D-S7fy6vOecjDBlSizaZ6K2crkpxHotUIYqelMk,655138,235547
231539,KlimaUmweltundRessourcenschutzmanahmenderStadtPirmasens.pdf,application/pdf,False,True,,True,False,False,https://fragdenstaat.de/anfrage/klimaschutz-und-klimaanpassungskonzepte-384/658862/anhang/KlimaUmweltundRessourcenschutzmanahmenderStadtPirmasens.pdf,https://fragdenstaat.de/anfrage/klimaschutz-und-klimaanpassungskonzepte-384/#nachricht-658862,https://media.frag-den-staat.de/files/foi/658862/KlimaUmweltundRessourcenschutzmanahmenderStadtPirmasens.pdf?token=1nTOpa%3AnsOojXnhhRi9lrqI4Dk9mpif2H8bP07gP3fcSQnvFqo,658862,235549
231541,Pirmasens_Kernstadt_1_10000_A1.pdf,application/pdf,False,True,,True,False,False,https://fragdenstaat.de/anfrage/klimaschutz-und-klimaanpassungskonzepte-384/658863/anhang/Pirmasens_Kernstadt_1_10000_A1.pdf,https://fragdenstaat.de/anfrage/klimaschutz-und-klimaanpassungskonzepte-384/#nachricht-658863,https://media.frag-den-staat.de/files/foi/658863/Pirmasens_Kernstadt_1_10000_A1.pdf?token=1nTOpa%3AsVIHiAIE0Uox3f270bCwCYI6pwRClpeZWENcHqU4buo,658863,235549
231548,Erlenbrunn_1_7500.pdf,application/pdf,False,True,,True,False,False,https://fragdenstaat.de/anfrage/klimaschutz-und-klimaanpassungskonzepte-384/658865/anhang/Erlenbrunn_1_7500.pdf,https://fragdenstaat.de/anfrage/klimaschutz-und-klimaanpassungskonzepte-384/#nachricht-658865,https://media.frag-den-staat.de/files/foi/658865/Erlenbrunn_1_7500.pdf?token=1nTOpa%3AH53fD0PUIco72gFiaD-E-uxTgFsYcahJhUorAWf_Dyo,658865,235549
231542,Fehrbach_1_7500.pdf,application/pdf,False,True,,True,False,False,https://fragdenstaat.de/anfrage/klimaschutz-und-klimaanpassungskonzepte-384/658865/anhang/Fehrbach_1_7500.pdf,https://fragdenstaat.de/anfrage/klimaschutz-und-klimaanpassungskonzepte-384/#nachricht-658865,https://media.frag-den-staat.de/files/foi/658865/Fehrbach_1_7500.pdf?token=1nTOpa%3AR8YZRf7DMNhtsuTZQbw5MzjSSk4AYzKMk9ssdztYeiQ,658865,235549
231543,Gersbach_1_7500.pdf,application/pdf,False,True,,True,False,False,https://fragdenstaat.de/anfrage/klimaschutz-und-klimaanpassungskonzepte-384/658865/anhang/Gersbach_1_7500.pdf,https://fragdenstaat.de/anfrage/klimaschutz-und-klimaanpassungskonzepte-384/#nachricht-658865,https://media.frag-den-staat.de/files/foi/658865/Gersbach_1_7500.pdf?token=1nTOpa%3AY3i5_IdIxoZ6HfI9PyAXU_242vWRiG8u5creJ2ipSHg,658865,235549
231544,Hengsberg_1_5000.pdf,application/pdf,False,True,,True,False,False,https://fragdenstaat.de/anfrage/klimaschutz-und-klimaanpassungskonzepte-384/658865/anhang/Hengsberg_1_5000.pdf,https://fragdenstaat.de/anfrage/klimaschutz-und-klimaanpassungskonzepte-384/#nachricht-658865,https://media.frag-den-staat.de/files/foi/658865/Hengsberg_1_5000.pdf?token=1nTOpa%3Amlxl3JOtKo9cxsL1SYyaCJHwjkSJ5KwUxR9e690HRT4,658865,235549
231545,Niedersimten_1_5000.pdf,application/pdf,False,True,,True,False,False,https://fragdenstaat.de/anfrage/klimaschutz-und-klimaanpassungskonzepte-384/658865/anhang/Niedersimten_1_5000.pdf,https://fragdenstaat.de/anfrage/klimaschutz-und-klimaanpassungskonzepte-384/#nachricht-658865,https://media.frag-den-staat.de/files/foi/658865/Niedersimten_1_5000.pdf?token=1nTOpa%3AFjnD6FhsdLXaOlHRYuSGD0GRNA_1ME3PFhydTfTjzr0,658865,235549
231546,Windsberg_1_5000.pdf,application/pdf,False,True,,True,False,False,https://fragdenstaat.de/anfrage/klimaschutz-und-klimaanpassungskonzepte-384/658865/anhang/Windsberg_1_5000.pdf,https://fragdenstaat.de/anfrage/klimaschutz-und-klimaanpassungskonzepte-384/#nachricht-658865,https://media.frag-den-staat.de/files/foi/658865/Windsberg_1_5000.pdf?token=1nTOpa%3AsP0YJsswgm7SF18z3N0irt7hxa4X18fI0x2EApeliqI,658865,235549
231547,Winzeln_1_7500.pdf,application/pdf,False,True,,True,False,False,https://fragdenstaat.de/anfrage/klimaschutz-und-klimaanpassungskonzepte-384/658865/anhang/Winzeln_1_7500.pdf,https://fragdenstaat.de/anfrage/klimaschutz-und-klimaanpassungskonzepte-384/#nachricht-658865,https://media.frag-den-staat.de/files/foi/658865/Winzeln_1_7500.pdf?token=1nTOpa%3AvnFwWj73yBex-47UfmeuN4r444n9wpjqDwkeQWpLP8o,658865,235549
